{
  "__inputs": [
    {
      "name": "DS_MT",
      "label": "mt",
      "description": "",
      "type": "datasource",
      "pluginId": "graphite",
      "pluginName": "Graphite"
    }
  ],
  "__requires": [
    {
      "type": "panel",
      "id": "graph",
      "name": "Graph",
      "version": ""
    },
    {
      "type": "grafana",
      "id": "grafana",
      "name": "Grafana",
      "version": "3.1.1"
    },
    {
      "type": "datasource",
      "id": "graphite",
      "name": "Graphite",
      "version": "1.0.0"
    }
  ],
  "id": null,
  "title": "Statsdaemon",
  "tags": [],
  "style": "dark",
  "timezone": "browser",
  "editable": true,
  "hideControls": false,
  "sharedCrosshair": false,
  "rows": [
    {
      "collapse": false,
      "editable": true,
      "height": "250px",
      "panels": [
        {
          "aliasColors": {},
          "bars": false,
          "datasource": "${DS_MT}",
          "editable": true,
          "error": false,
          "fill": 0,
          "grid": {
            "threshold1": null,
            "threshold1Color": "rgba(216, 200, 27, 0.27)",
            "threshold2": null,
            "threshold2Color": "rgba(234, 112, 112, 0.22)"
          },
          "id": 1,
          "isNew": true,
          "legend": {
            "alignAsTable": true,
            "avg": false,
            "current": false,
            "max": false,
            "min": false,
            "show": true,
            "total": false,
            "values": false
          },
          "lines": true,
          "linewidth": 1,
          "links": [],
          "nullPointMode": "null",
          "percentage": false,
          "pointradius": 1,
          "points": false,
          "renderer": "flot",
          "seriesOverrides": [],
          "span": 6,
          "stack": false,
          "steppedLine": false,
          "targets": [
            {
              "refId": "A",
              "target": "aliasByNode(service_is_statsdaemon.instance_is_$instance.direction_is_in.*.mtype_is_rate.unit_is_Metricps, 3)",
              "textEditor": false
            }
          ],
          "timeFrom": null,
          "timeShift": null,
          "title": "statsdaemon incoming metrics",
          "tooltip": {
            "msResolution": false,
            "shared": true,
            "sort": 0,
            "value_type": "cumulative"
          },
          "type": "graph",
          "xaxis": {
            "show": true
          },
          "yaxes": [
            {
              "format": "hertz",
              "logBase": 1,
              "max": null,
              "min": null,
              "show": true
            },
            {
              "format": "short",
              "logBase": 1,
              "max": null,
              "min": null,
              "show": true
            }
          ]
        },
        {
          "aliasColors": {},
          "bars": false,
          "datasource": "${DS_MT}",
          "editable": true,
          "error": false,
          "fill": 10,
          "grid": {
            "threshold1": null,
            "threshold1Color": "rgba(216, 200, 27, 0.27)",
            "threshold2": null,
            "threshold2Color": "rgba(234, 112, 112, 0.22)"
          },
          "id": 2,
          "isNew": true,
          "legend": {
            "avg": false,
            "current": false,
            "max": false,
            "min": false,
            "show": true,
            "total": false,
            "values": false
          },
          "lines": true,
          "linewidth": 0,
          "links": [],
          "nullPointMode": "null",
          "percentage": false,
          "pointradius": 5,
          "points": false,
          "renderer": "flot",
          "seriesOverrides": [
            {
              "alias": "total",
              "fill": 6,
              "legend": true,
              "yaxis": 2,
              "zindex": -3
            }
          ],
          "span": 6,
          "stack": true,
          "steppedLine": false,
          "targets": [
            {
              "refId": "A",
              "target": "aliasByNode(service_is_statsdaemon.instance_is_$instance.direction_is_out.*.mtype_is_rate.unit_is_Metricps, 3)",
              "textEditor": false
            }
          ],
          "timeFrom": null,
          "timeShift": null,
          "title": "Statsdaemon outgoing metrics",
          "tooltip": {
            "msResolution": false,
            "shared": true,
            "sort": 0,
            "value_type": "individual"
          },
          "type": "graph",
          "xaxis": {
            "show": true
          },
          "yaxes": [
            {
              "format": "hertz",
              "logBase": 1,
              "max": null,
              "min": null,
              "show": true
            },
            {
              "format": "short",
              "logBase": 1,
              "max": null,
              "min": null,
              "show": true
            }
          ]
        }
      ],
      "title": "Row"
    },
    {
      "collapse": false,
      "editable": true,
      "height": "250px",
      "panels": [
        {
          "aliasColors": {
            "sumSeries(carbon.agents.*.blacklistMatches)": "#E24D42",
            "sumSeries(carbon.agents.*.errors)": "#890F02"
          },
          "bars": false,
          "datasource": "${DS_MT}",
          "editable": true,
          "error": false,
          "fill": 1,
          "grid": {
            "threshold1": null,
            "threshold1Color": "rgba(216, 200, 27, 0.27)",
            "threshold2": null,
            "threshold2Color": "rgba(234, 112, 112, 0.22)"
          },
          "id": 3,
          "isNew": true,
          "legend": {
            "avg": false,
            "current": false,
            "max": false,
            "min": false,
            "show": true,
            "total": false,
            "values": false
          },
          "lines": false,
          "linewidth": 2,
          "links": [],
          "nullPointMode": "null",
          "percentage": false,
          "pointradius": 1,
          "points": true,
          "renderer": "flot",
          "seriesOverrides": [
            {
              "alias": "sumSeries(carbon.agents.*.blacklistMatches)",
              "yaxis": 2
            },
            {
              "alias": "sumSeries(carbon.agents.*.errors)",
              "yaxis": 2
            }
          ],
          "span": 6,
          "stack": false,
          "steppedLine": false,
          "targets": [
            {
              "refId": "A",
              "target": "aliasByNode(service_is_statsdaemon.instance_is_$instance.statsd_type_is_*.mtype_is_gauge.type_is_calculation.unit_is_ms, 2)"
            }
          ],
          "timeFrom": null,
          "timeShift": null,
          "title": "calculation time",
          "tooltip": {
            "msResolution": false,
            "shared": true,
            "sort": 0,
            "value_type": "cumulative"
          },
          "type": "graph",
          "xaxis": {
            "show": true
          },
          "yaxes": [
            {
              "format": "ms",
              "logBase": 1,
              "max": null,
              "min": 0,
              "show": true
            },
            {
              "format": "short",
              "logBase": 1,
              "max": null,
              "min": 0,
              "show": true
            }
          ]
        },
        {
          "aliasColors": {
            "max": "#F9D9F9",
            "avg": "#E24D42"
          },
          "bars": false,
          "datasource": "${DS_MT}",
          "editable": true,
          "error": false,
          "fill": 1,
          "grid": {
            "threshold1": null,
            "threshold1Color": "rgba(216, 200, 27, 0.27)",
            "threshold2": null,
            "threshold2Color": "rgba(234, 112, 112, 0.22)"
          },
          "id": 4,
          "isNew": true,
          "legend": {
            "avg": false,
            "current": false,
            "max": false,
            "min": false,
            "show": true,
            "total": false,
            "values": false
          },
          "lines": false,
          "linewidth": 2,
          "links": [],
          "nullPointMode": "connected",
          "percentage": false,
          "pointradius": 1,
          "points": true,
          "renderer": "flot",
          "seriesOverrides": [],
          "span": 6,
          "stack": false,
          "steppedLine": false,
          "targets": [
            {
              "refId": "A",
              "target": "alias(consolidateBy(service_is_statsdaemon.instance_is_$instance.mtype_is_gauge.type_is_send.unit_is_ms, 'max'), 'max')"
            },
            {
              "refId": "B",
              "target": "alias(consolidateBy(service_is_statsdaemon.instance_is_$instance.mtype_is_gauge.type_is_send.unit_is_ms, 'average'), 'avg')"
            }
          ],
          "timeFrom": null,
          "timeShift": null,
          "title": "write to graphite time",
          "tooltip": {
            "msResolution": false,
            "shared": true,
            "sort": 0,
            "value_type": "cumulative"
          },
          "type": "graph",
          "xaxis": {
            "show": true
          },
          "yaxes": [
            {
              "format": "ms",
              "label": null,
              "logBase": 1,
              "max": null,
              "min": null,
              "show": true
            },
            {
              "format": "short",
              "label": null,
              "logBase": 1,
              "max": null,
              "min": null,
              "show": true
            }
          ]
        }
      ],
      "title": "New row"
    }
  ],
  "time": {
    "from": "now-1h",
    "to": "now"
  },
  "timepicker": {
    "now": true,
    "refresh_intervals": [
      "5s",
      "10s",
      "30s",
      "1m",
      "5m",
      "15m",
      "30m",
      "1h",
      "2h",
      "1d"
    ],
    "time_options": [
      "5m",
      "15m",
      "1h",
      "6h",
      "12h",
      "24h",
      "2d",
      "7d",
      "30d"
    ]
  },
  "templating": {
    "list": [
      {
        "current": {
          "text": "mt",
          "value": "mt",
          "tags": []
        },
        "datasource": null,
        "hide": 0,
        "includeAll": false,
        "multi": false,
        "name": "datasource",
        "options": [
          {
            "text": "default",
            "value": "default",
            "selected": false
          },
          {
            "text": "mt",
            "value": "mt",
            "selected": true
          }
        ],
        "query": "graphite",
        "refresh": 1,
        "regex": "",
        "type": "datasource"
      },
      {
        "allFormat": "wildcard",
        "current": {},
        "datasource": "${DS_MT}",
        "hide": 0,
        "includeAll": true,
        "multi": false,
        "multiFormat": "glob",
        "name": "instance",
        "options": [],
        "query": "service_is_statsdaemon.instance_is_*",
        "refresh": 1,
        "regex": "/instance_is_(.*)/",
        "type": "query"
      }
    ]
  },
  "annotations": {
    "list": []
  },
  "schemaVersion": 12,
  "version": 4,
  "links": [],
  "gnetId": 297
}