{
  "ResourceTagMappingList": [
    {
      "ResourceARN": "arn:aws:cloudwatch:us-west-1:876822417790:alarm:awsredshift-dyson-made-prod-us-PercentageDiskSpaceUsed-All",
      "Tags": []
    },
    {
      "ResourceARN": "arn:aws:ec2:us-west-1:876822417790:customer-gateway/cgw-077f6c0aa61825b75",
      "Tags": [
        {
          "Key": "Name",
          "Value": "Dyson FW Cluster 2"
        }
      ]
    },
    {
      "ResourceARN": "arn:aws:ec2:us-west-1:876822417790:elastic-ip/eipalloc-013b8a230158ba8cb",
      "Tags": [
        {
          "Key": "Name",
          "Value": "bastion-ec2"
        }
      ]
    },
    {
      "ResourceARN": "arn:aws:ec2:us-west-1:876822417790:elastic-ip/eipalloc-0d026b0e8872e03b5",
      "Tags": [
        {
          "Key": "Name",
          "Value": "ngw"
        }
      ]
    },
    {
      "ResourceARN": "arn:aws:ec2:us-west-1:876822417790:instance/i-03d143e469530cf78",
      "Tags": [
        {
          "Key": "Name",
          "Value": "ec2-workbench"
        }
      ]
    },
    {
      "ResourceARN": "arn:aws:ec2:us-west-1:876822417790:instance/i-06d66ad7999cc5986",
      "Tags": [
        {
          "Key": "Name",
          "Value": "ec2-bastion-dyson-made-prod-us"
        }
      ]
    },
    {
      "ResourceARN": "arn:aws:ec2:us-west-1:876822417790:internet-gateway/igw-06e8e0cb74874a4a5",
      "Tags": [
        {
          "Key": "Name",
          "Value": "igw-corp-made-us"
        }
      ]
    },
    {
      "ResourceARN": "arn:aws:ec2:us-west-1:876822417790:natgateway/nat-079ab41463318dd6d",
      "Tags": [
        {
          "Key": "Name",
          "Value": "ngw-dyson-made-prod-us"
        }
      ]
    },
    {
      "ResourceARN": "arn:aws:ec2:us-west-1:876822417790:route-table/rtb-06fd3d5d4a339020a",
      "Tags": [
        {
          "Key": "Name",
          "Value": "rt-public-dyson-made-prod-us"
        }
      ]
    },
    {
      "ResourceARN": "arn:aws:ec2:us-west-1:876822417790:route-table/rtb-0f9967dea62d9ce79",
      "Tags": [
        {
          "Key": "Name",
          "Value": "rt-private-dyson-made-prod-us"
        }
      ]
    },
    {
      "ResourceARN": "arn:aws:ec2:us-west-1:876822417790:security-group/sg-0f4951cb1b534efbe",
      "Tags": [
        {
          "Key": "Name",
          "Value": "sg_private_dyson_made_prod_us"
        }
      ]
    },
    {
      "ResourceARN": "arn:aws:ec2:us-west-1:876822417790:security-group/sg-0ff52c481679be6d8",
      "Tags": [
        {
          "Key": "Name",
          "Value": "sg_public_dyson_made_prod_us"
        }
      ]
    },
    {
      "ResourceARN": "arn:aws:ec2:us-west-1:876822417790:subnet/subnet-00ead5efc0193cca8",
      "Tags": [
        {
          "Key": "Name",
          "Value": "subnet-us-public-az1a"
        }
      ]
    },
    {
      "ResourceARN": "arn:aws:ec2:us-west-1:876822417790:subnet/subnet-021b29013500849e0",
      "Tags": [
        {
          "Key": "Name",
          "Value": "subnet-us-ec2-az1a"
        }
      ]
    },
    {
      "ResourceARN": "arn:aws:ec2:us-west-1:876822417790:subnet/subnet-05f3d3b3962322bf1",
      "Tags": [
        {
          "Key": "Name",
          "Value": "subnet-us-pipeline-az1a"
        }
      ]
    },
    {
      "ResourceARN": "arn:aws:ec2:us-west-1:876822417790:subnet/subnet-06bb25cd3c5053d9c",
      "Tags": [
        {
          "Key": "Name",
          "Value": "subnet-us-redshift-az1a"
        }
      ]
    },
    {
      "ResourceARN": "arn:aws:ec2:us-west-1:876822417790:subnet/subnet-0bc554c76a43666ee",
      "Tags": [
        {
          "Key": "Name",
          "Value": "subnet-us-redshift2-az1a"
        }
      ]
    },
    {
      "ResourceARN": "arn:aws:ec2:us-west-1:876822417790:vpc/vpc-0135c5975be3e54d7",
      "Tags": [
        {
          "Key": "Name",
          "Value": "vpc-corp-made-us"
        }
      ]
    },
    {
      "ResourceARN": "arn:aws:ec2:us-west-1:876822417790:vpn-connection/vpn-0e7f0f5b7f94a98b4",
      "Tags": [
        {
          "Key": "Name",
          "Value": "Dyson Corp VPN"
        }
      ]
    },
    {
      "ResourceARN": "arn:aws:ec2:us-west-1:876822417790:vpn-gateway/vgw-009ce97780335556b",
      "Tags": [
        {
          "Key": "Name",
          "Value": "Dyson VGW"
        }
      ]
    }
  ]
}
